Song,Artist,Album,Cover Art,Year Released
Doot Doot,Skilla ,Doot Doot `,cmu://1012237/42598643/artworks-AD5BpFCYWPWW-0-t500x500.jpg,2024
Tai lung,Mizz Guiseppe ,,cmu://1012237/42598729/download+(2).jpeg,2025
Thriller,Michael Jackson,Thriller,cmu://1012237/42604730/download+(3).jpeg,1982
Smooth Criminal,Michael Jackson,Bad,cmu://1012237/42604846/download+(4).jpeg,1987
Make No Sense,NBA YoungBoy,AI Youngboy 2,cmu://1012237/42604871/download+(5).jpeg,2016
Beat the Odds ,Lil Tjay,222,cmu://1012237/42604897/download+(6).jpeg,2023
Real Deal Bip,Lil R Dot,,cmu://1012237/42604929/download+(7).jpg,2025
On One Night,Gunna,One of Wun,cmu://1012237/42604952/download+(7).jpeg,2024
Dreams and Nightmares,Meek Mill,Dreams and Nightmares,cmu://1012237/42604984/download+(9).jpeg,2012
First Day Out,Tee Grizzley,My moment,cmu://1012237/42604998/download+(10).jpeg,2016